[
 {
  "code": "af",
  "name": "Afrikaans"
 },
 {
  "code": "am",
  "name": "\u12a0\u121b\u122d\u129b"
 },
 {
  "code": "ar",
  "name": "\u0627\u0644\u0639\u0631\u0628\u064a\u0629"
 },
 {
  "code": "bg",
  "name": "B\u01celgarski"
 },
 {
  "code": "bn",
  "name": "\u09ac\u09be\u0999\u09be\u09b2\u09bf"
 },
 {
  "code": "bo",
  "name": "\u0f63\u0fb7\u0f0b\u0f66\u0f60\u0f72\u0f0b\u0f66\u0f90\u0f51\u0f0b"
 },
 {
  "code": "bs",
  "name": "Bosanski"
 },
 {
  "code": "ca",
  "name": "Catal\u00e0"
 },
 {
  "code": "cs",
  "name": "\u010desky"
 },
 {
  "code": "da",
  "name": "Dansk"
 },
 {
  "code": "da-DK",
  "name": "Dansk (Danmark)"
 },
 {
  "code": "de",
  "name": "Deutsch"
 },
 {
  "code": "el",
  "name": "\u03b5\u03bb\u03bb\u03b7\u03bd\u03b9\u03ba\u03ac"
 },
 {
  "code": "en",
  "name": "English"
 },
 {
  "code": "en-GB",
  "name": "English (United Kingdom)"
 },
 {
  "code": "en-US",
  "name": "English (United States)"
 },
 {
  "code": "es",
  "name": "Espa\u00f1ol"
 },
 {
  "code": "es-AR",
  "name": "Espa\u00f1ol (Argentina)"
 },
 {
  "code": "es-BO",
  "name": "Espa\u00f1ol (Bolivia)"
 },
 {
  "code": "es-CL",
  "name": "Espa\u00f1ol (Chile)"
 },
 {
  "code": "es-CO",
  "name": "Espa\u00f1ol (Colombia)"
 },
 {
  "code": "es-DO",
  "name": "Espa\u00f1ol (Rep\u00fablica Dominicana)"
 },
 {
  "code": "es-EC",
  "name": "Espa\u00f1ol (Ecuador)"
 },
 {
  "code": "es-GT",
  "name": "Espa\u00f1ol (Guatemala)"
 },
 {
  "code": "es-MX",
  "name": "Espa\u00f1ol (M\u00e9xico)"
 },
 {
  "code": "es-NI",
  "name": "Espa\u00f1ol (Nicaragua)"
 },
 {
  "code": "es-PE",
  "name": "Espa\u00f1ol (Per\u00fa)"
 },
 {
  "code": "et",
  "name": "Eesti"
 },
 {
  "code": "fa",
  "name": "\u067e\u0627\u0631\u0633\u06cc"
 },
 {
  "code": "fi",
  "name": "Suomi"
 },
 {
  "code": "fil",
  "name": "Filipino"
 },
 {
  "code": "fr",
  "name": "Fran\u00e7ais"
 },
 {
  "code": "fr-CA",
  "name": "Fran\u00e7ais Canadien"
 },
 {
  "code": "gu",
  "name": "\u0a97\u0ac1\u0a9c\u0ab0\u0abe\u0aa4\u0ac0"
 },
 {
  "code": "he",
  "name": "\u05e2\u05d1\u05e8\u05d9\u05ea"
 },
 {
  "code": "hi",
  "name": "\u0939\u093f\u0902\u0926\u0940"
 },
 {
  "code": "hr",
  "name": "Hrvatski"
 },
 {
  "code": "hu",
  "name": "Magyar"
 },
 {
  "code": "id",
  "name": "Indonesia"
 },
 {
  "code": "is",
  "name": "\u00edslenska"
 },
 {
  "code": "it",
  "name": "Italiano"
 },
 {
  "code": "ja",
  "name": "\u65e5\u672c\u8a9e"
 },
 {
  "code": "km",
  "name": "\u1797\u17b6\u179f\u17b6\u1781\u17d2\u1798\u17c2\u179a"
 },
 {
  "code": "kn",
  "name": "\u0c95\u0ca8\u0ccd\u0ca8\u0ca1"
 },
 {
  "code": "ko",
  "name": "\ud55c\uad6d\uc758"
 },
 {
  "code": "ku",
  "name": "\u06a9\u0648\u0631\u062f\u06cc"
 },
 {
  "code": "lo",
  "name": "\u0ea5\u0eb2\u0ea7"
 },
 {
  "code": "lt",
  "name": "Lietuvi\u0173 kalba"
 },
 {
  "code": "lv",
  "name": "Latvie\u0161u valoda"
 },
 {
  "code": "mk",
  "name": "\u043c\u0430\u043a\u0435\u0434\u043e\u043d\u0441\u043a\u0438"
 },
 {
  "code": "ml",
  "name": "\u0d2e\u0d32\u0d2f\u0d3e\u0d33\u0d02"
 },
 {
  "code": "mr",
  "name": "\u092e\u0930\u093e\u0920\u0940"
 },
 {
  "code": "ms",
  "name": "Melayu"
 },
 {
  "code": "my",
  "name": "\u1019\u103c\u1014\u103a\u1019\u102c"
 },
 {
  "code": "nl",
  "name": "Nederlands"
 },
 {
  "code": "no",
  "name": "Norsk"
 },
 {
  "code": "pl",
  "name": "Polski"
 },
 {
  "code": "ps",
  "name": "\u067e\u069a\u062a\u0648"
 },
 {
  "code": "pt",
  "name": "Portugu\u00eas"
 },
 {
  "code": "pt-BR",
  "name": "Portugu\u00eas Brasileiro"
 },
 {
  "code": "ro",
  "name": "Rom\u00e2n"
 },
 {
  "code": "ru",
  "name": "\u0440\u0443\u0441\u0441\u043a\u0438\u0439"
 },
 {
  "code": "rw",
  "name": "Kinyarwanda"
 },
 {
  "code": "si",
  "name": "\u0dc3\u0dd2\u0d82\u0dc4\u0dbd"
 },
 {
  "code": "sk",
  "name": "Sloven\u010dina (Slovak)"
 },
 {
  "code": "sl",
  "name": "Sloven\u0161\u010dina (Slovene)"
 },
 {
  "code": "sq",
  "name": "Shqiptar"
 },
 {
  "code": "sr",
  "name": "\u0441\u0440\u043f\u0441\u043a\u0438"
 },
 {
  "code": "sr-BA",
  "name": "Srpski"
 },
 {
  "code": "sv",
  "name": "Svenska"
 },
 {
  "code": "sw",
  "name": "Swahili"
 },
 {
  "code": "ta",
  "name": "\u0ba4\u0bae\u0bbf\u0bb4\u0bcd"
 },
 {
  "code": "te",
  "name": "\u0c24\u0c46\u0c32\u0c41\u0c17\u0c41"
 },
 {
  "code": "th",
  "name": "\u0e44\u0e17\u0e22"
 },
 {
  "code": "tr",
  "name": "Türkçe"
 },
 {
  "code": "uk",
  "name": "\u0443\u043a\u0440\u0430\u0457\u043d\u0441\u044c\u043a\u0430"
 },
 {
  "code": "ur",
  "name": "\u0627\u0631\u062f\u0648"
 },
 {
  "code": "uz",
  "name": "\u040e\u0437\u0431\u0435\u043a"
 },
 {
  "code": "vi",
  "name": "Vi\u1ec7t"
 },
 {
  "code": "zh",
  "name": "\u7b80\u4f53\u4e2d\u6587"
 },
 {
  "code": "zh-TW",
  "name": "\u7e41\u9ad4\u4e2d\u6587"
 }
]
