{
	"css/frappe-web-b4.css": [
		"public/scss/website.scss",
		"public/less/indicator.less"
	],
	"css/frappe-chat-web.css": [
		"public/css/font-awesome.css",
		"public/css/octicons/octicons.css",
		"public/less/chat.less"
	],
	"concat:js/moment-bundle.min.js": [
		"node_modules/moment/min/moment-with-locales.min.js",
		"node_modules/moment-timezone/builds/moment-timezone-with-data.min.js"
	],
	"js/chat.js": [
		"public/js/frappe/chat.js"
	],
	"js/frappe-recorder.min.js": [
		"public/js/frappe/recorder/recorder.js"
	],
	"js/checkout.min.js": [
		"public/js/integrations/razorpay.js"
	],
	"js/frappe-web.min.js": [
		"public/js/frappe/class.js",
		"public/js/frappe/polyfill.js",
		"public/js/lib/md5.min.js",
		"public/js/frappe/provide.js",
		"public/js/frappe/format.js",
		"public/js/frappe/utils/number_format.js",
		"public/js/frappe/utils/utils.js",
		"public/js/frappe/utils/common.js",
		"public/js/frappe/ui/messages.js",
		"public/js/frappe/translate.js",
		"public/js/frappe/utils/pretty_date.js",
		"public/js/frappe/microtemplate.js",
		"public/js/frappe/query_string.js",

		"public/js/frappe/ui/dropzone.js",
		"public/js/frappe/ui/upload.html",
		"public/js/frappe/upload.js",

		"public/js/frappe/model/meta.js",
		"public/js/frappe/model/model.js",
		"public/js/frappe/model/perm.js",

		"website/js/website.js",
		"public/js/frappe/utils/rating_icons.html",
		"public/js/frappe/socketio_client.js"
	],
	"js/bootstrap-4-web.min.js": [
		"website/js/bootstrap-4.js"
	],
	"js/control.min.js": [
		"node_modules/air-datepicker/dist/js/datepicker.min.js",
		"node_modules/air-datepicker/dist/js/i18n/datepicker.cs.js",
		"node_modules/air-datepicker/dist/js/i18n/datepicker.da.js",
		"node_modules/air-datepicker/dist/js/i18n/datepicker.de.js",
		"node_modules/air-datepicker/dist/js/i18n/datepicker.en.js",
		"node_modules/air-datepicker/dist/js/i18n/datepicker.es.js",
		"node_modules/air-datepicker/dist/js/i18n/datepicker.fi.js",
		"node_modules/air-datepicker/dist/js/i18n/datepicker.fr.js",
		"node_modules/air-datepicker/dist/js/i18n/datepicker.hu.js",
		"node_modules/air-datepicker/dist/js/i18n/datepicker.nl.js",
		"node_modules/air-datepicker/dist/js/i18n/datepicker.pl.js",
		"node_modules/air-datepicker/dist/js/i18n/datepicker.pt-BR.js",
		"node_modules/air-datepicker/dist/js/i18n/datepicker.pt.js",
		"node_modules/air-datepicker/dist/js/i18n/datepicker.ro.js",
		"node_modules/air-datepicker/dist/js/i18n/datepicker.sk.js",
		"node_modules/air-datepicker/dist/js/i18n/datepicker.zh.js",
		"public/js/frappe/ui/capture.js",
		"public/js/frappe/form/controls/control.js"
	],
	"js/dialog.min.js": [
		"public/js/frappe/dom.js",

		"public/js/frappe/form/formatters.js",
		"public/js/frappe/form/layout.js",
		"public/js/frappe/ui/field_group.js",
		"public/js/frappe/form/link_selector.js",
		"public/js/frappe/form/multi_select_dialog.js",
		"public/js/frappe/ui/dialog.js"
	],
	"css/desk.min.css": [
		"public/js/lib/leaflet/leaflet.css",
		"public/js/lib/leaflet/leaflet.draw.css",
		"public/js/lib/leaflet/L.Control.Locate.css",
		"public/js/lib/leaflet/easy-button.css",
		"public/css/bootstrap.css",
		"public/css/font-awesome.css",
		"public/css/octicons/octicons.css",
		"public/less/desk.less",
		"public/less/module.less",
		"public/less/flex.less",
		"public/less/indicator.less",
		"public/less/avatar.less",
		"public/less/navbar.less",
		"public/less/notifications.less",
		"public/less/sidebar.less",
		"public/less/page.less",
		"public/less/tree.less",
		"public/less/desktop.less",
		"public/less/link_preview.less",
		"public/less/form.less",
		"public/less/mobile.less",
		"public/less/kanban.less",
		"public/less/dashboard_view.less",
		"public/less/controls.less",
		"public/less/chat.less",
		"public/less/filters.less",
		"public/less/social.less",
		"node_modules/frappe-charts/dist/frappe-charts.min.css",
		"node_modules/driver.js/dist/driver.min.css",
		"public/less/driver.less"
	],
	"css/frappe-rtl.css": [
		"public/css/bootstrap-rtl.css",
		"public/css/desk-rtl.css",
		"public/css/report-rtl.css"
	],
	"css/printview.css": [
		"public/css/bootstrap.css",
		"public/css/font-awesome.css",
		"public/less/print.less"
	],
	"concat:js/libs.min.js": [
		"public/js/lib/awesomplete/awesomplete.min.js",
		"public/js/lib/Sortable.min.js",
		"public/js/lib/jquery/jquery.hotkeys.js",
		"public/js/lib/bootstrap.min.js",
		"node_modules/vue/dist/vue.js",
		"node_modules/moment/min/moment-with-locales.min.js",
		"node_modules/moment-timezone/builds/moment-timezone-with-data.min.js",
		"public/js/lib/socket.io.min.js",
		"public/js/lib/jSignature.min.js",
		"public/js/frappe/translate.js",
		"public/js/lib/leaflet/leaflet.js",
		"public/js/lib/leaflet/leaflet.draw.js",
		"public/js/lib/leaflet/L.Control.Locate.js",
		"public/js/lib/leaflet/easy-button.js"
	],
	"js/desk.min.js": [
		"public/js/frappe/class.js",
		"public/js/frappe/polyfill.js",
		"public/js/frappe/provide.js",
		"public/js/frappe/assets.js",
		"public/js/frappe/format.js",
		"public/js/frappe/form/formatters.js",
		"public/js/frappe/dom.js",
		"public/js/frappe/ui/messages.js",
		"public/js/frappe/ui/keyboard.js",
		"public/js/frappe/ui/colors.js",
		"public/js/frappe/ui/sidebar.js",
		"public/js/frappe/ui/link_preview.js",

		"public/js/frappe/request.js",
		"public/js/frappe/socketio_client.js",
		"public/js/frappe/utils/utils.js",
		"public/js/frappe/event_emitter.js",
		"public/js/frappe/router.js",
		"public/js/frappe/router_history.js",
		"public/js/frappe/defaults.js",
		"public/js/frappe/roles_editor.js",
		"public/js/frappe/microtemplate.js",

		"public/js/frappe/ui/page.html",
		"public/js/frappe/ui/page.js",
		"public/js/frappe/ui/slides.js",
		"public/js/frappe/ui/onboarding_dialog.js",
		"public/js/frappe/ui/find.js",
		"public/js/frappe/ui/iconbar.js",
		"public/js/frappe/form/layout.js",
		"public/js/frappe/ui/field_group.js",
		"public/js/frappe/form/link_selector.js",
		"public/js/frappe/form/multi_select_dialog.js",
		"public/js/frappe/ui/dialog.js",
		"public/js/frappe/ui/capture.js",
		"public/js/frappe/ui/app_icon.js",
		"public/js/frappe/ui/dropzone.js",

		"public/js/frappe/model/model.js",
		"public/js/frappe/db.js",
		"public/js/frappe/model/meta.js",
		"public/js/frappe/model/sync.js",
		"public/js/frappe/model/create_new.js",
		"public/js/frappe/model/perm.js",
		"public/js/frappe/model/workflow.js",
		"public/js/frappe/model/user_settings.js",

		"public/js/lib/md5.min.js",
		"public/js/frappe/utils/user.js",
		"public/js/frappe/utils/common.js",
		"public/js/frappe/utils/urllib.js",
		"public/js/frappe/utils/pretty_date.js",
		"public/js/frappe/utils/test_utils.js",
		"public/js/frappe/utils/tools.js",
		"public/js/frappe/utils/datetime.js",
		"public/js/frappe/utils/number_format.js",
		"public/js/frappe/utils/help.js",
		"public/js/frappe/utils/help_links.js",
		"public/js/frappe/utils/address_and_contact.js",
		"public/js/frappe/utils/preview_email.js",
		"public/js/frappe/utils/file_manager.js",

		"public/js/frappe/ui/upload.html",
		"public/js/frappe/upload.js",
		"public/js/frappe/ui/tree.js",

		"public/js/frappe/views/container.js",
		"public/js/frappe/views/breadcrumbs.js",
		"public/js/frappe/views/factory.js",
		"public/js/frappe/views/pageview.js",

		"public/js/frappe/ui/toolbar/awesome_bar.js",
		"public/js/frappe/ui/toolbar/energy_points_notifications.js",
		"public/js/frappe/ui/notifications/notifications.js",
		"public/js/frappe/ui/toolbar/search.js",
		"public/js/frappe/ui/toolbar/tag_utils.js",
		"public/js/frappe/ui/toolbar/search.html",
		"public/js/frappe/ui/toolbar/search_header.html",
		"public/js/frappe/ui/toolbar/search_utils.js",
		"public/js/frappe/ui/toolbar/about.js",
		"public/js/frappe/ui/toolbar/navbar.html",
		"public/js/frappe/ui/toolbar/toolbar.js",
		"public/js/frappe/ui/toolbar/notifications.js",
		"public/js/frappe/views/communication.js",
		"public/js/frappe/views/translation_manager.js",

		"public/js/frappe/widgets/widget_group.js",

		"public/js/frappe/ui/sort_selector.html",
		"public/js/frappe/ui/sort_selector.js",

		"public/js/frappe/change_log.html",
		"public/js/frappe/desk.js",
		"public/js/frappe/query_string.js",

		"public/js/frappe/ui/comment.js",
		"public/js/frappe/utils/rating_icons.html",

		"public/js/frappe/chat.js",
		"public/js/frappe/social/social_factory.js",
		"public/js/frappe/utils/energy_point_utils.js",
		"public/js/frappe/utils/dashboard_utils.js",
		"public/js/frappe/ui/chart.js",
		"public/js/frappe/ui/driver.js",
		"public/js/frappe/barcode_scanner/index.js"
	],
	"css/form.min.css": [
		"public/less/form_grid.less"
	],
	"js/form.min.js": [
		"public/js/frappe/form/templates/address_list.html",
		"public/js/frappe/form/templates/contact_list.html",
		"public/js/frappe/form/templates/print_layout.html",
		"public/js/frappe/form/templates/users_in_sidebar.html",
		"public/js/frappe/form/templates/set_sharing.html",
		"public/js/frappe/form/templates/form_sidebar.html",
		"public/js/frappe/form/templates/form_dashboard.html",
		"public/js/frappe/form/templates/form_document_flow.html",
		"public/js/frappe/form/templates/form_links.html",
		"public/js/frappe/form/templates/report_links.html",
		"public/js/frappe/form/templates/attachment.html",
		"public/js/frappe/form/templates/form_footer.html",
		"public/js/frappe/form/templates/timeline.html",
		"public/js/frappe/form/templates/timeline_item.html",
		"public/js/frappe/form/controls/control.js",
		"public/js/frappe/views/formview.js",
		"public/js/frappe/form/form.js",
		"public/js/frappe/meta_tag.js"
	],
	"css/list.min.css": [
		"public/less/list.less",
		"public/less/calendar.less",
		"public/less/role_editor.less",
		"public/less/gantt.less",
		"public/less/tags.less"
	],
	"js/list.min.js": [
		"public/js/frappe/ui/listing.html",

		"public/js/frappe/model/indicator.js",
		"public/js/frappe/ui/filters/filter.js",
		"public/js/frappe/ui/filters/filter_list.js",
		"public/js/frappe/ui/filters/field_select.js",
		"public/js/frappe/ui/filters/edit_filter.html",
		"public/js/frappe/ui/tags.js",
		"public/js/frappe/ui/tag_editor.js",
		"public/js/frappe/ui/like.js",
		"public/js/frappe/ui/liked_by.html",
		"public/html/print_template.html",

		"public/js/frappe/list/base_list.js",
		"public/js/frappe/list/list_view.js",
		"public/js/frappe/list/list_factory.js",

		"public/js/frappe/list/list_sidebar.js",
		"public/js/frappe/list/list_sidebar.html",
		"public/js/frappe/list/list_sidebar_stat.html",
		"public/js/frappe/list/list_sidebar_group_by.js",
		"public/js/frappe/list/list_view_permission_restrictions.html",

		"public/js/frappe/views/gantt/gantt_view.js",
		"public/js/frappe/views/calendar/calendar.js",
		"public/js/frappe/views/dashboard/dashboard_view.js",
		"public/js/frappe/views/image/image_view.js",
		"public/js/frappe/views/kanban/kanban_view.js",
		"public/js/frappe/views/inbox/inbox_view.js",
		"public/js/frappe/views/file/file_view.js",

		"public/js/frappe/views/treeview.js",
		"public/js/frappe/views/interaction.js",

		"public/js/frappe/views/image/image_view_item_row.html",
		"public/js/frappe/views/image/photoswipe_dom.html",

		"public/js/frappe/views/kanban/kanban_board.html",
		"public/js/frappe/views/kanban/kanban_column.html",
		"public/js/frappe/views/kanban/kanban_card.html"
	],
	"css/report.min.css": [
		"public/less/report.less",
		"node_modules/frappe-datatable/dist/frappe-datatable.css",
		"public/less/frappe-datatable.less",
		"public/css/tree_grid.css"
	],
	"js/report.min.js": [
		"public/js/lib/clusterize.min.js",
		"public/js/frappe/views/reports/report_factory.js",
		"public/js/frappe/views/reports/report_view.js",
		"public/js/frappe/views/reports/query_report.js",
		"public/js/frappe/views/reports/print_grid.html",
		"public/js/frappe/views/reports/print_tree.html",
		"public/js/frappe/ui/group_by/group_by.html",
		"public/js/frappe/ui/group_by/group_by.js",
		"public/js/frappe/views/reports/report_utils.js"
	],
	"js/web_form.min.js": [
		"public/js/frappe/utils/datetime.js",
		"public/js/frappe/web_form/webform_script.js"
	],
	"css/web_form.css": [
		"public/less/list.less",
		"website/css/web_form.css",
		"public/css/octicons/octicons.css",
		"public/less/form_grid.less",
		"public/less/controls.less",
		"node_modules/frappe-datatable/dist/frappe-datatable.css"
	],
	"frappe/css/email.css": [
		"public/less/email.less"
	],
	"js/social.min.js": [
		"public/js/frappe/social/social_home.js"
	],
	"js/barcode_scanner.min.js": [
		"public/js/frappe/barcode_scanner/quagga.js"
	],
	"js/data_import_tools.min.js": [
		"public/js/frappe/data_import/index.js"
	]
}
